url,title,first_seen_at,notified_at
https://www.idealista.com/inmueble/103380112/,"Piso en Avenida de Mistral, Sant Antoni, Barcelona",2026-04-15T22:44:42.405601Z,2026-04-15T22:44:42.405601Z
https://www.idealista.com/inmueble/111126466/,"Piso en Carretera de Collblanc, La Maternitat i Sant Ramon, Barcelona",2026-04-15T22:44:42.405601Z,2026-04-15T22:44:42.405601Z
https://www.idealista.com/inmueble/25506693/,"Piso en Calle Angli, Les Tres Torres, Barcelona",2026-04-16T08:52:55.880432Z,2026-04-16T08:52:55.880432Z
https://www.fotocasa.es/es/alquiler/vivienda/barcelona-capital/aire-acondicionado-calefaccion-ascensor-amueblado/189383803/d,"Piso de 100 m² en Avenida Avinguda del Mistral, Sant Antoni",2026-04-16T08:52:55.880432Z,2026-04-16T08:52:55.880432Z
https://www.fotocasa.es/es/alquiler/vivienda/barcelona-capital/aire-acondicionado-calefaccion-terraza-ascensor-no-amueblado/189380182/d,"Piso de 90 m² en Joan Güell, Barri de les Corts",2026-04-16T08:52:55.880432Z,2026-04-16T08:52:55.880432Z
https://www.idealista.com/inmueble/111207494/,"Piso en Les Corts, Barcelona",2026-04-16T09:01:29.936970Z,2026-04-16T09:01:29.936970Z
https://www.idealista.com/inmueble/111178630/,"Piso en Calle del Corral, La Bordeta, Barcelona",2026-04-19T10:39:09.340279Z,2026-04-19T10:39:09.340279Z
https://www.idealista.com/inmueble/111213057/,"Piso en Calle d'Europa, 25, Les Corts, Barcelona",2026-04-19T10:39:09.340279Z,2026-04-19T10:39:09.340279Z
https://www.idealista.com/inmueble/111231844/,"Piso en Calle de París, 46, La Nova Esquerra de l'Eixample, Barcelona",2026-04-19T10:39:09.340279Z,2026-04-19T10:39:09.340279Z
https://www.idealista.com/inmueble/82966801/,"Piso en Calle de Roger de Flor, Barcelona, El Camp d'En Grassot i Gràcia Nova, Barcelona",2026-04-19T10:39:09.340279Z,2026-04-19T10:39:09.340279Z
https://www.idealista.com/inmueble/98399028/,"Ático en La Sagrada Família, Barcelona",2026-04-19T10:39:09.340279Z,2026-04-19T10:39:09.340279Z
https://www.fotocasa.es/es/alquiler/vivienda/barcelona-capital/aire-acondicionado-ascensor-amueblado-television-internet/189401614/d,"Piso con balcón en Carrer de Pere Serafí, Vila de Gràcia",2026-04-19T10:39:09.340279Z,2026-04-19T10:39:09.340279Z
https://www.fotocasa.es/es/alquiler/vivienda/barcelona-capital/aire-acondicionado-calefaccion-amueblado-television-internet/189403355/d,"Dúplex con calefacción en Carrer Viladomat, La Nova Esquerra de l'Eixample",2026-04-19T10:39:09.340279Z,2026-04-19T10:39:09.340279Z
https://www.fotocasa.es/es/alquiler/vivienda/barcelona-capital/aire-acondicionado-calefaccion-ascensor-no-amueblado/189403917/d,"Piso con ascensor en Carrer de la Diputació, L'Antiga Esquerra de l'Eixample",2026-04-19T10:56:07.020507Z,2026-04-19T10:56:07.020507Z
https://www.fotocasa.es/es/alquiler/vivienda/barcelona-capital/aire-acondicionado-calefaccion-ascensor/189403450/d,Piso con ascensor en Sant Gervasi i la Bonanova,2026-04-19T10:56:07.020507Z,2026-04-19T10:56:07.020507Z
https://www.fotocasa.es/es/alquiler/vivienda/barcelona-capital/calefaccion-ascensor-amueblado-television-internet/189403216/d,"Piso con ascensor en C/ de Provença, Sagrada Família",2026-04-19T10:56:07.020507Z,2026-04-19T10:56:07.020507Z
https://www.idealista.com/inmueble/111143951/,"Piso en Calle de Pérez Galdós, 40, Vila de Gràcia, Barcelona",2026-04-19T11:48:19.435282Z,2026-04-19T11:48:19.435282Z
https://badi.com/es/room/1095001,"8 ALOJAMIENTO ENTERO · 60 M² Two bedroom apartment, Poblenou PRECIO 1.450 €/mes",2026-04-19T12:04:37.840329Z,2026-04-19T12:04:37.840329Z
https://badi.com/es/room/1105098,"15 fotos más dentro del anuncio Ver todas las fotos 6 ALOJAMIENTO ENTERO · 89 M² FULL APT. Bright, cozy 2 bedroom apt. TEMP RENT PRECIO 1.350 €/mes FACTURAS Incluidas",2026-04-19T12:04:37.840329Z,2026-04-19T12:04:37.840329Z
https://badi.com/es/room/1274239,50 ALOJAMIENTO ENTERO · 50 M² Piso de 2 habitaciones en La Barceloneta PRECIO 1.150 €/mes,2026-04-19T12:04:37.840329Z,2026-04-19T12:04:37.840329Z
https://badi.com/es/room/1290836,24 fotos más dentro del anuncio Ver todas las fotos 5 ALOJAMIENTO ENTERO · 70 M² Spacious Studio in Trendy Poblenou PRECIO 1.170 €/mes,2026-04-19T12:04:37.840329Z,2026-04-19T12:04:37.840329Z
https://badi.com/es/room/1304571,2 ALOJAMIENTO ENTERO · 50 M² Barcelona apartment Available for Short-Term Rent PRECIO 1.300 €/mes FACTURAS Incluidas,2026-04-19T12:04:37.840329Z,2026-04-19T12:04:37.840329Z
https://badi.com/es/room/1305892,3 ALOJAMIENTO ENTERO · 25 M² Studio in Poblenou for July PRECIO 1̶.̶5̶8̶0̶ ̶€̶ 1.500 €/mes FACTURAS Incluidas,2026-04-19T12:04:37.840329Z,2026-04-19T12:04:37.840329Z
https://badi.com/es/room/1320472,3 ALOJAMIENTO ENTERO · 75 M² Spacious 1 bedroom apartment with balcony in El Raval PRECIO 1.200 €/mes FACTURAS Incluidas,2026-04-19T12:04:37.840329Z,2026-04-19T12:04:37.840329Z
https://badi.com/es/room/1322382,2 ALOJAMIENTO ENTERO · 40 M² Atico con terraza PRECIO 1.500 €/mes,2026-04-19T12:04:37.840329Z,2026-04-19T12:04:37.840329Z
https://badi.com/es/room/1323022,2 ALOJAMIENTO ENTERO · 36 M² Piso luminoso y con balcon en La Barceloneta PRECIO 1̶.̶6̶5̶0̶ ̶€̶ 1.500 €/mes,2026-04-19T12:04:37.840329Z,2026-04-19T12:04:37.840329Z
https://badi.com/es/room/1323075,1 ALOJAMIENTO ENTERO · 50 M² Entire Apartment for Temporary Rent in La Sagrera PRECIO 1.200 €/mes FACTURAS Incluidas,2026-04-19T12:04:37.840329Z,2026-04-19T12:04:37.840329Z
https://badi.com/es/room/1323209,11 fotos más dentro del anuncio Ver todas las fotos 3 ALOJAMIENTO ENTERO · 65 M² Whole sunny apartment with 2 bedrooms + 1 living room PRECIO 1.300 €/mes FACTURAS Incluidas,2026-04-19T12:04:37.840329Z,2026-04-19T12:04:37.840329Z
https://badi.com/es/room/1323269,40 fotos más dentro del anuncio Ver todas las fotos 15 ALOJAMIENTO ENTERO · 50 M² NEWLY RENOVATED APARTMENT – EL BORN PRECIO 1.760 €/mes FACTURAS Incluidas,2026-04-19T12:04:37.840329Z,2026-04-19T12:04:37.840329Z
https://badi.com/es/room/1324742,16 fotos más dentro del anuncio Ver todas las fotos 3 ALOJAMIENTO ENTERO · 75 M² ALQUILER TEMPORAL–SOLO DISPONIBLE PARCIALMENTE EN MAYO PRECIO 1.800 €/mes FACTURAS Incluidas,2026-04-19T12:04:37.840329Z,2026-04-19T12:04:37.840329Z
https://badi.com/es/room/1324867,1 ALOJAMIENTO ENTERO · 50 M² Sunny Barceloneta Beach Apartment PRECIO 1.500 €/mes FACTURAS Incluidas,2026-04-19T12:04:37.840329Z,2026-04-19T12:04:37.840329Z
https://badi.com/es/room/1325137,"11 fotos más dentro del anuncio Ver todas las fotos 0 ALOJAMIENTO ENTERO · 65 M² Piso a 10 minutos de la Vall d’Hebron, 3 habitaciones. PRECIO 1.600 €/mes",2026-04-19T12:04:37.840329Z,2026-04-19T12:04:37.840329Z
https://badi.com/es/room/1325243,23 fotos más dentro del anuncio Ver todas las fotos 0 ALOJAMIENTO ENTERO · 30 M² Sunny and bright apartment with the terrace Gracia😍 PRECIO 1.400 €/mes,2026-04-19T12:04:37.840329Z,2026-04-19T12:04:37.840329Z
https://badi.com/es/room/1325322,17 fotos más dentro del anuncio Ver todas las fotos 4 ALOJAMIENTO ENTERO · 90 M² Charming House for Rent in Sants – July & August only PRECIO 1.300 €/mes FACTURAS Incluidas,2026-04-19T12:04:37.840329Z,2026-04-19T12:04:37.840329Z
https://badi.com/es/room/541815,16 fotos más dentro del anuncio Ver todas las fotos 2 ALOJAMIENTO ENTERO · 60 M² Fully equipped flat. no agency fee( metro p.de gracia) PRECIO 1.700 €/mes FACTURAS Incluidas,2026-04-19T12:04:37.840329Z,2026-04-19T12:04:37.840329Z
https://badi.com/es/room/652747,VERIFICADA VERIFICADA VERIFICADA VERIFICADA VERIFICADA VERIFICADA VERIFICADA VERIFICADA VERIFICADA VERIFICADA VERIFICADA 35 fotos más dentro del anuncio Ver todas las fotos 286 ALOJAMIENTO ENTERO · 78 M² PB Apartamento dúplex 2 hab+2 baños en corazón Gracia PRECIO 1.440 €/mes,2026-04-19T12:04:37.840329Z,2026-04-19T12:04:37.840329Z
https://badi.com/es/room/933803,14 fotos más dentro del anuncio Ver todas las fotos 58 ALOJAMIENTO ENTERO · 4040 M² studio flat with terrace in El Born PRECIO 1.200 €/mes FACTURAS Incluidas,2026-04-19T12:04:37.840329Z,2026-04-19T12:04:37.840329Z
